{
    "2": {
        "name": "yeshwanth KT",
        "email": "yyashvanth655@gmail.com",
        "phone": "8904702511",
        "scheduled_datetime": {
            "date": "2026-02-13T16:24:00+05:30",
            "timezone_type": 3,
            "timezone": "+05:30"
        },
        "message": "happy birthday KT",
        "created_at": {
            "date": "2026-02-13T16:24:09+05:30",
            "timezone_type": 3,
            "timezone": "+05:30"
        },
        "sent": true,
        "_id": {
            "oid": "b6968ee2516289e191255987"
        },
        "sent_at": {
            "date": "2026-02-13T16:33:55+05:30",
            "timezone_type": 3,
            "timezone": "+05:30"
        }
    },
    "3": {
        "name": "yeshwanth KT",
        "email": "yyashvanth655@gmail.com",
        "phone": "8904702511",
        "scheduled_datetime": {
            "date": "2026-02-13T16:26:00+05:30",
            "timezone_type": 3,
            "timezone": "+05:30"
        },
        "message": "happy birthday KT",
        "created_at": {
            "date": "2026-02-13T16:24:51+05:30",
            "timezone_type": 3,
            "timezone": "+05:30"
        },
        "sent": true,
        "_id": {
            "oid": "89553c4f3c5dbe7bdc911ee4"
        },
        "sent_at": {
            "date": "2026-02-13T16:34:03+05:30",
            "timezone_type": 3,
            "timezone": "+05:30"
        }
    },
    "4": {
        "name": "yeshwanth KT",
        "email": "yyashvanth655@gmail.com",
        "phone": "8904702511",
        "scheduled_datetime": {
            "date": "2026-02-13T16:42:00+05:30",
            "timezone_type": 3,
            "timezone": "+05:30"
        },
        "message": "happy birthday yeshwanth kt",
        "created_at": {
            "date": "2026-02-13T16:41:04+05:30",
            "timezone_type": 3,
            "timezone": "+05:30"
        },
        "sent": true,
        "_id": {
            "oid": "3f42da8f82be4fdfae154d9d"
        },
        "sent_at": {
            "date": "2026-02-13T16:49:47+05:30",
            "timezone_type": 3,
            "timezone": "+05:30"
        }
    },
    "5": {
        "name": "charan DE",
        "email": "charande93@gmail.com",
        "phone": "6360371574",
        "scheduled_datetime": {
            "date": "2026-02-14T12:00:00+05:30",
            "timezone_type": 3,
            "timezone": "+05:30"
        },
        "message": "Happy valentines day Varchar,neenu nim hududgi 100 varsha valentine celebrate madi,NOTE:this is coupling message and sent to other respective whatsapp number (varshuu)",
        "created_at": {
            "date": "2026-02-13T21:29:50+05:30",
            "timezone_type": 3,
            "timezone": "+05:30"
        },
        "sent": false,
        "_id": {
            "oid": "28247cfdff72abe0c2f83b2f"
        }
    },
    "6": {
        "name": "Catchup Test",
        "email": "itheshja6@gmail.com",
        "message": "This is a test message scheduled for the past to verify catch-up logic.",
        "scheduled_datetime": {
            "date": "2026-02-13T20:32:46+05:30",
            "timezone_type": 3,
            "timezone": "+05:30"
        },
        "created_at": {
            "date": "2026-02-13T21:32:46+05:30",
            "timezone_type": 3,
            "timezone": "+05:30"
        },
        "sent": true,
        "_id": {
            "oid": "67a0c2c1a9fe078876b97e0d"
        },
        "sent_at": {
            "date": "2026-02-13T22:01:57+05:30",
            "timezone_type": 3,
            "timezone": "Asia\/Kolkata"
        }
    },
    "7": {
        "name": "charan DE",
        "email": "charande93@gmail.com",
        "phone": "6360371574",
        "scheduled_datetime": {
            "date": "2026-02-14T21:50:00+05:30",
            "timezone_type": 3,
            "timezone": "+05:30"
        },
        "message": "Happy valentines day Varchar,neenu nim hududgi 100 varsha valentine celebrate madi,NOTE:this is coupling message and sent to other respective whatsapp number (varshuu)",
        "created_at": {
            "date": "2026-02-13T21:49:05+05:30",
            "timezone_type": 3,
            "timezone": "+05:30"
        },
        "sent": false,
        "_id": {
            "oid": "a1f286ca4dfd23f9a96f4969"
        }
    },
    "8": {
        "name": "charan DE",
        "email": "charande93@gmail.com",
        "phone": "6360371574",
        "scheduled_datetime": {
            "date": "2026-02-13T22:02:00+05:30",
            "timezone_type": 3,
            "timezone": "+05:30"
        },
        "message": "Happy valentines day Varchar,neenu nim hududgi 100 varsha valentine celebrate madi,NOTE:this is coupling message and sent to other respective whatsapp number (varshuu)",
        "created_at": {
            "date": "2026-02-13T22:01:32+05:30",
            "timezone_type": 3,
            "timezone": "+05:30"
        },
        "sent": false,
        "_id": {
            "oid": "8aabbe63d505635c908060ff"
        }
    }
}